Starters,Pos
Bam Adebayo,C
Jonas Valanciunas,C
Jusuf Nurkic,C
Clint Capela,C
Montrezl Harrell,C
Jarrett Allen,C
Serge Ibaka,C
Enes Kanter,C
Bismack Biyombo,C
Bobby Portis,C
Cody Zeller,C
DeAndre Jordan,C
Brook Lopez,C
Robert Williams,C
Jakob Poeltl,C
Ivica Zubac,C
Tristan Thompson,C
Daniel Theis,C
Kelly Olynyk,C
Willie Cauley-Stein,C
Dwight Powell,C
Marc Gasol,C
Gorgui Dieng,C
Boban Marjanovic,C
Drew Eubanks,C
Tacko Fall,C
Meyers Leonard,C
Onyeka Okongwu,C
Nick Richards,C
Daniel Oturu,C
Nikola Jokic,C
Karl-Anthony Towns,C
Rudy Gobert,C
Jonas Valanciunas,C
Jusuf Nurkic,C
Jarrett Allen,C
Montrezl Harrell,C
Enes Kanter,C
Wendell Carter,C
Serge Ibaka,C
Jakob Poeltl,C
Gorgui Dieng,C
Derrick Favors,C
Marc Gasol,C
DeAndre Jordan,C
Ivica Zubac,C
Ed Davis,C
Bol Bol,C
Udoka Azubuike,C
Daniel Oturu,C
Drew Eubanks,C
Cristiano Felicio,C
Nikola Vucevic,C
Rudy Gobert,C
Deandre Ayton,C
Jarrett Allen,C
Richaun Holmes,C
Jonas Valanciunas,C
Steven Adams,C
Thomas Bryant,C
Mason Plumlee,C
Mitchell Robinson,C
Wendell Carter,C
DeMarcus Cousins,C
Montrezl Harrell,C
Al Horford,C
Bismack Biyombo,C
James Wiseman,C
Brook Lopez,C
Robert Williams,C
Gorgui Dieng,C
Cody Zeller,C
Daniel Theis,C
Aron Baynes,C
Derrick Favors,C
Hassan Whiteside,C
Marc Gasol,C
Ivica Zubac,C
DeAndre Jordan,C
Kevon Looney,C
Willy Hernangomez,C
Moses Brown,C
Tacko Fall,C
Damian Jones,C
Robin Lopez,C
Anzejs Pasecniks,C
Mo Bamba,C
Chimezie Metu,C
Jahlil Okafor,C
Moritz Wagner,C
Jaxson Hayes,C
Will Magnay,C
Udoka Azubuike,C
Nick Richards,C
Daniel Oturu,C
Alex Len,C
Cristiano Felicio,C
Giannis Antetokounmpo,PF
Anthony Davis,PF
Jayson Tatum,PF
Kristaps Porzingis,PF
John Collins,PF
LaMarcus Aldridge,PF
P.J. Washington,PF
Robert Covington,PF
Nicolas Batum,PF
Brandon Clarke,PF
Kyle Kuzma,PF
Maxi Kleber,PF
Marcus Morris,PF
Zach Collins,PF
Markieff Morris,PF
James Johnson,PF
Grant Williams,PF
Bruno Fernando,PF
Chris Silva,PF
Luka Samanic,PF
Patrick Patterson,PF
Devontae Cacok,PF
Nathan Knight,PF
Trey Lyles,PF
Jaren Jackson,PF
Mamadi Diakite,PF
Rodions Kurucs,PF
Killian Tillie,PF
Kostas Antetokounmpo,PF
Jalen McDaniels,PF
Nicolas Claxton,PF
Udonis Haslem,PF
Amir Coffey,PF
Vernon Carey,PF
Jordan Nwora,PF
Jeff Green,PF
Harry Giles,PF
D.J. Wilson,PF
Xavier Tillman,PF
Reggie Perry,PF
Anthony Davis,PF
Lauri Markkanen,PF
LaMarcus Aldridge,PF
Bojan Bogdanovic,PF
Brandon Clarke,PF
Robert Covington,PF
Naz Reid,PF
Royce O'Neale,PF
Paul Millsap,PF
Nicolas Batum,PF
Kyle Kuzma,PF
Thaddeus Young,PF
JaMychal Green,PF
Marcus Morris,PF
Zach Collins,PF
Isaiah Hartenstein,PF
Nicolas Claxton,PF
Juwan Morgan,PF
Luka Samanic,PF
Patrick Patterson,PF
Devontae Cacok,PF
Trey Lyles,PF
Georges Niang,PF
Luke Kornet,PF
Amir Coffey,PF
Zeke Nnaji,PF
Juancho Hernangomez,PF
Markieff Morris,PF
Jeff Green,PF
Harry Giles,PF
Xavier Tillman,PF
Reggie Perry,PF
Jaren Jackson,PF
Rodions Kurucs,PF
Killian Tillie,PF
Kostas Antetokounmpo,PF
Daniel Gafford,PF
Giannis Antetokounmpo,PF
Anthony Davis,PF
Julius Randle,PF
Christian Wood,PF
Pascal Siakam,PF
Zion Williamson,PF
Aaron Gordon,PF
Darius Bazley,PF
Lauri Markkanen,PF
Chris Boucher,PF
Marvin Bagley,PF
P.J. Washington,PF
Blake Griffin,PF
Serge Ibaka,PF
Davis Bertans,PF
Brandon Clarke,PF
Draymond Green,PF
Bobby Portis,PF
Bojan Bogdanovic,PF
Royce O'Neale,PF
Nicolas Batum,PF
Tristan Thompson,PF
Jae Crowder,PF
Marquese Chriss,PF
Dario Saric,PF
Taurean Prince,PF
P.J. Tucker,PF
Kyle Kuzma,PF
Isaiah Roby,PF
Thaddeus Young,PF
Eric Paschall,PF
Mike Muscala,PF
Jabari Parker,PF
Marcus Morris,PF
Isaiah Stewart,PF
Jeff Green,PF
Gary Clark,PF
Nemanja Bjelica,PF
Khem Birch,PF
Juwan Morgan,PF
Sekou Doumbouya,PF
Patrick Patterson,PF
Devontae Cacok,PF
Al-Farouq Aminu,PF
Frank Kaminsky,PF
Nicolo Melli,PF
Georges Niang,PF
Luke Kornet,PF
Aleksej Pokusevski,PF
Anthony Gill,PF
Markieff Morris,PF
Jaren Jackson,PF
Mamadi Diakite,PF
Rodions Kurucs,PF
Omari Spellman,PF
Killian Tillie,PF
Grant Williams,PF
Kostas Antetokounmpo,PF
Daniel Gafford,PF
Chuma Okeke,PF
Jalen McDaniels,PF
Nerlens Noel,PF
Bruno Caboclo,PF
Nicolas Claxton,PF
Alen Smailagic,PF
Amir Coffey,PF
Vernon Carey,PF
Jordan Nwora,PF
Jalen Smith,PF
D.J. Wilson,PF
Xavier Tillman,PF
Reggie Perry,PF
Robert Woodard,PF
Wenyen Gabriel,PF
Luka Doncic,PG
Trae Young,PG
Kyrie Irving,PG
Damian Lillard,PG
Ja Morant,PG
Dejounte Murray,PG
Terry Rozier,PG
Goran Dragic,PG
Derrick White,PG
Jrue Holiday,PG
Kemba Walker,PG
Tyus Jones,PG
Rajon Rondo,PG
Lou Williams,PG
De'Anthony Melton,PG
LaMelo Ball,PG
Jeff Teague,PG
Patty Mills,PG
Kris Dunn,PG
Patrick Beverley,PG
Trey Burke,PG
Jalen Brunson,PG
Chris Chiozza,PG
Alex Caruso,PG
Kendrick Nunn,PG
Anfernee Simons,PG
D.J. Augustin,PG
Jaylen Adams,PG
Gabe Vincent,PG
Keljin Blevins,PG
Tyler Johnson,PG
Quinn Cook,PG
Tremont Waters,PG
Carsen Edwards,PG
Sam Merrill,PG
Tre Jones,PG
Tyrell Terry,PG
Payton Pritchard,PG
Brandon Goodwin,PG
Kyrie Irving,PG
Damian Lillard,PG
Ja Morant,PG
Jamal Murray,PG
Mike Conley,PG
Dejounte Murray,PG
Coby White,PG
Derrick White,PG
Tyus Jones,PG
Ricky Rubio,PG
Monte Morris,PG
Lou Williams,PG
Tomas Satoransky,PG
Patty Mills,PG
Facundo Campazzo,PG
Patrick Beverley,PG
De'Anthony Melton,PG
Alex Caruso,PG
Chris Chiozza,PG
Shaquille Harrison,PG
Keljin Blevins,PG
Jordan McLaughlin,PG
R.J. Hampton,PG
Tyler Johnson,PG
Tre Jones,PG
Ryan Arcidiacono,PG
Markus Howard,PG
Quinn Cook,PG
Anfernee Simons,PG
Jaylen Nowell,PG
Russell Westbrook,PG
Kyrie Irving,PG
Stephen Curry,PG
John Wall,PG
Ja Morant,PG
De'Aaron Fox,PG
Kyle Lowry,PG
Chris Paul,PG
Jrue Holiday,PG
Terry Rozier,PG
Mike Conley,PG
LaMelo Ball,PG
Coby White,PG
Lonzo Ball,PG
Marcus Smart,PG
Kemba Walker,PG
George Hill,PG
Elfrid Payton,PG
Tyus Jones,PG
Cole Anthony,PG
Delon Wright,PG
Austin Rivers,PG
Payton Pritchard,PG
Jeff Teague,PG
Jordan Poole,PG
Raul Neto,PG
Brad Wanamaker,PG
Lou Williams,PG
Tomas Satoransky,PG
Patrick Beverley,PG
Cory Joseph,PG
De'Anthony Melton,PG
Ish Smith,PG
Cameron Payne,PG
Killian Hayes,PG
Theo Maledon,PG
D.J. Augustin,PG
Michael Carter-Williams,PG
Frank Jackson,PG
Immanuel Quickley,PG
Chris Chiozza,PG
Frank Ntilikina,PG
Alex Caruso,PG
Jared Harper,PG
Tyler Johnson,PG
Ryan Arcidiacono,PG
Jerome Robinson,PG
Tim Frazier,PG
Jevon Carter,PG
Quinn Cook,PG
Jordan Bone,PG
Tremont Waters,PG
Carsen Edwards,PG
Karim Mane,PG
Shaquille Harrison,PG
Chris Clemons,PG
Jaylen Adams,PG
Saben Lee,PG
Markelle Fultz,PG
Kira Lewis,PG
Sam Merrill,PG
Dennis Smith,PG
Jahmi'us Ramsey,PG
Jalen Harris,PG
Malachi Flynn,PG
Nico Mannion,PG
Cassius Winston,PG
Nickname,Position
Nickname,Position
Nickname,Position
LeBron James,SF
Kawhi Leonard,SF
Kevin Durant,SF
Jaylen Brown,SF
Gordon Hayward,SF
Kyle Anderson,SF
Keldon Johnson,SF
Rudy Gay,SF
Bogdan Bogdanovic,SF
Tim Hardaway,SF
Danilo Gallinari,SF
Justise Winslow,SF
Miles Bridges,SF
Tyler Herro,SF
Donte DiVincenzo,SF
Cam Reddish,SF
De'Andre Hunter,SF
Carmelo Anthony,SF
Joe Harris,SF
Dorian Finney-Smith,SF
Taurean Prince,SF
Maurice Harkless,SF
Derrick Jones,SF
Solomon Hill,SF
Wesley Matthews,SF
Semi Ojeleye,SF
Alfonzo McKinnie,SF
Rodney Hood,SF
Max Strus,SF
Caleb Martin,SF
Keita Bates-Diop,SF
KZ Okpala,SF
Nassir Little,SF
Thanasis Antetokounmpo,SF
Mfiondu Kabengele,SF
Jontay Porter,SF
CJ Elleby,SF
Precious Achiuwa,SF
Tyler Bey,SF
Jared Dudley,SF
Sean McDermott,SF
LeBron James,SF
Kawhi Leonard,SF
Kevin Durant,SF
Michael Porter,SF
Keldon Johnson,SF
Kyle Anderson,SF
Will Barton,SF
Otto Porter,SF
Rudy Gay,SF
Joe Ingles,SF
Justise Winslow,SF
Joe Harris,SF
Jarrett Culver,SF
Anthony Edwards,SF
Patrick Williams,SF
Carmelo Anthony,SF
Josh Okogie,SF
Jarred Vanderbilt,SF
Taurean Prince,SF
Chandler Hutchison,SF
Wesley Matthews,SF
Derrick Jones,SF
Denzel Valentine,SF
Alfonzo McKinnie,SF
Nassir Little,SF
Mfiondu Kabengele,SF
Rodney Hood,SF
Vlatko Cancar,SF
Jontay Porter,SF
Garrett Temple,SF
CJ Elleby,SF
Elijah Hughes,SF
Jaden McDaniels,SF
Jared Dudley,SF
Sean McDermott,SF
Keita Bates-Diop,SF
Greg Whittington,SF
Jake Layman,SF
Jarrell Brantley,SF
LeBron James,SF
Kevin Durant,SF
Kawhi Leonard,SF
Jayson Tatum,SF
Brandon Ingram,SF
Gordon Hayward,SF
Jerami Grant,SF
Khris Middleton,SF
RJ Barrett,SF
Harrison Barnes,SF
Kyle Anderson,SF
Eric Gordon,SF
OG Anunoby,SF
Otto Porter,SF
Mikal Bridges,SF
Evan Fournier,SF
Kelly Oubre,SF
Saddiq Bey,SF
Josh Jackson,SF
Miles Bridges,SF
Joe Harris,SF
Rui Hachimura,SF
Justise Winslow,SF
Joe Ingles,SF
Trevor Ariza,SF
Patrick Williams,SF
Deni Avdija,SF
Cameron Johnson,SF
Justin Jackson,SF
Timothe Luwawu-Cabarrot,SF
Danuel House,SF
Obi Toppin,SF
James Ennis,SF
Jae'Sean Tate,SF
Chandler Hutchison,SF
Isaac Bonga,SF
Norman Powell,SF
DaQuan Jeffries,SF
Wesley Matthews,SF
Caleb Martin,SF
Troy Brown,SF
Denzel Valentine,SF
Alfonzo McKinnie,SF
Juan Toscano-Anderson,SF
Mychal Mulder,SF
Kenyon Martin,SF
Kevin Knox,SF
E'Twaun Moore,SF
Jarrell Brantley,SF
Glenn Robinson,SF
Ignas Brazdeikis,SF
Thanasis Antetokounmpo,SF
Abdel Nader,SF
Mfiondu Kabengele,SF
Jontay Porter,SF
Kenrich Williams,SF
Garrett Temple,SF
Kent Bazemore,SF
Darius Miller,SF
Naji Marshall,SF
Josh Hall,SF
Elijah Hughes,SF
Jonathan Isaac,SF
Jared Dudley,SF
Sean McDermott,SF
Semi Ojeleye,SF
Stanley Johnson,SF
DeMar DeRozan,SG
CJ McCollum,SG
Jimmy Butler,SG
Khris Middleton,SG
Paul George,SG
Dillon Brooks,SG
Caris LeVert,SG
Dennis Schroder,SG
Marcus Smart,SG
Devonte' Graham,SG
Josh Richardson,SG
Lonnie Walker,SG
Duncan Robinson,SG
Kevin Huerter,SG
Timothe Luwawu-Cabarrot,SG
Gary Trent,SG
Avery Bradley,SG
Luke Kennard,SG
Reggie Jackson,SG
Landry Shamet,SG
John Konchar,SG
Malik Monk,SG
Andre Iguodala,SG
Tony Snell,SG
Pat Connaughton,SG
Bruce Brown,SG
Grayson Allen,SG
Kentavious Caldwell-Pope,SG
Torrey Craig,SG
Wes Iwundu,SG
Javonte Green,SG
Jay Scrubb,SG
Spencer Dinwiddie,SG
Terance Mann,SG
Bryn Forbes,SG
Romeo Langford,SG
Talen Horton-Tucker,SG
Quinndary Weatherspoon,SG
Cody Martin,SG
Nate Darling,SG
Nate Hinton,SG
Skylar Mays,SG
Grant Riller,SG
Devin Vassell,SG
Josh Green,SG
Desmond Bane,SG
Aaron Nesmith,SG
CJ McCollum,SG
Paul George,SG
DeMar DeRozan,SG
Zach LaVine,SG
Donovan Mitchell,SG
D'Angelo Russell,SG
Dillon Brooks,SG
Caris LeVert,SG
Dennis Schroder,SG
Malik Beasley,SG
Jordan Clarkson,SG
John Konchar,SG
Lonnie Walker,SG
Timothe Luwawu-Cabarrot,SG
Luke Kennard,SG
Desmond Bane,SG
Reggie Jackson,SG
Gary Trent,SG
Gary Harris,SG
Kentavious Caldwell-Pope,SG
Devin Vassell,SG
Bruce Brown,SG
Talen Horton-Tucker,SG
Quinndary Weatherspoon,SG
Adam Mokoka,SG
Jay Scrubb,SG
PJ Dozier,SG
Spencer Dinwiddie,SG
Devon Dotson,SG
Ashton Hagans,SG
Trent Forrest,SG
Grayson Allen,SG
Terance Mann,SG
Landry Shamet,SG
Miye Oni,SG
James Harden,SG
Bradley Beal,SG
Paul George,SG
Zach LaVine,SG
Donovan Mitchell,SG
Jaylen Brown,SG
Shai Gilgeous-Alexander,SG
Fred VanVleet,SG
Devin Booker,SG
Caris LeVert,SG
Andrew Wiggins,SG
Derrick Rose,SG
Dillon Brooks,SG
Alec Burks,SG
Terrence Ross,SG
Tyrese Haliburton,SG
Eric Bledsoe,SG
Jordan Clarkson,SG
Dennis Schroder,SG
Buddy Hield,SG
Devonte' Graham,SG
Donte DiVincenzo,SG
Luguentz Dort,SG
Wayne Ellington,SG
Josh Hart,SG
John Konchar,SG
Hamidou Diallo,SG
Damion Lee,SG
Dwayne Bacon,SG
Bruce Brown,SG
Sterling Brown,SG
JJ Redick,SG
Luke Kennard,SG
Reggie Jackson,SG
Svi Mykhailiuk,SG
Matt Thomas,SG
Nickeil Alexander-Walker,SG
Malik Monk,SG
Desmond Bane,SG
David Nwaba,SG
Langston Galloway,SG
Reggie Bullock,SG
Pat Connaughton,SG
Kentavious Caldwell-Pope,SG
Torrey Craig,SG
Ben McLemore,SG
Garrison Mathews,SG
Theo Pinson,SG
Paul Watson,SG
Deividas Sirvydis,SG
Javonte Green,SG
Sindarius Thornwell,SG
Terence Davis,SG
Jay Scrubb,SG
Klay Thompson,SG
Spencer Dinwiddie,SG
DeAndre' Bembry,SG
Ty-Shon Alexander,SG
Grayson Allen,SG
Mason Jones,SG
Terance Mann,SG
Bryn Forbes,SG
Romeo Langford,SG
Landry Shamet,SG
Miye Oni,SG
Yuta Watanabe,SG
Ty Jerome,SG
Justin James,SG
Talen Horton-Tucker,SG
Cody Martin,SG
Kyle Guy,SG
Patrick McCaw,SG
Adam Mokoka,SG
Nate Darling,SG
Brodric Thomas,SG
Rodney McGruder,SG
Grant Riller,SG
Aaron Nesmith,SG
Devon Dotson,SG
Trent Forrest,SG